{
  "total_parcels": 14761,
  "pct_overall_illegal": 41.18962129936996,
  "pct_viol_setback": 0.07452069642978118,
  "pct_viol_coverage": 0.1083937402614999,
  "pct_viol_density": 41.176072081837276,
  "total_built_capacity": 14761,
  "total_zoned_capacity": 63193,
  "capacity_deficit": 0,
  "household_growth_demand": 1200
}
