{
  "total_parcels": 14761,
  "pct_overall_illegal": 41.18962129936996,
  "pct_viol_setback": 0.07452069642978118,
  "pct_viol_height": 0.0,
  "pct_viol_density": 41.176072081837276,
  "pct_viol_use": 0.0
}